full_name,id_number,phone,age,city,email
Nadav Shalom,463010013,052-4960027,69,Ashdod,nadav.shalom15@example.com
Moshe Avraham,234050989,054-1076005,56,Herzliya,moshe.avraham29@example.com
Yael Katz,731531295,056-7072534,24,Holon,yael.katz38@example.com
Shira Rosen,011101559,053-6137030,33,Haifa,shira.rosen17@example.com
Noa Peretz,182189291,051-6100071,73,Tel Aviv,noa.peretz75@example.com
Omer Rosen,386077926,057-6224384,28,Tel Aviv,omer.rosen34@example.com
Shira Shalom,163128463,057-6047951,20,Beer Sheva,shira.shalom50@example.com
Maya Levi,891215509,059-6664905,46,Netanya,maya.levi1@example.com
Eden Rosen,986167860,056-6644377,75,Beer Sheva,eden.rosen83@example.com
Noa Bar,821206821,054-6072054,58,Netanya,noa.bar60@example.com
Omer Katz,136797250,054-5914059,55,Beer Sheva,omer.katz94@example.com
Lior Mor,441820312,059-5638511,29,Beer Sheva,lior.mor70@example.com
Maya Mizrahi,647599519,058-8306740,57,Holon,maya.mizrahi29@example.com
Omer Shalom,144221371,058-7446387,39,Beer Sheva,omer.shalom62@example.com
Maya Shalom,823989913,050-3774135,69,Haifa,maya.shalom56@example.com
Yael Levi,532864335,053-2913776,29,Haifa,yael.levi14@example.com
Omer Cohen,791439893,058-1129836,74,Beer Sheva,omer.cohen30@example.com
Omer Mizrahi,824061862,059-6796733,39,Beer Sheva,omer.mizrahi48@example.com
Noa Mizrahi,685177517,053-3919540,80,Eilat,noa.mizrahi24@example.com
Lior Cohen,680232334,054-9861396,46,Herzliya,lior.cohen77@example.com
Lior Avraham,249783141,051-1832180,70,Holon,lior.avraham57@example.com
Maya Bar,126422514,053-6746795,56,Tel Aviv,maya.bar52@example.com
Itay Cohen,204306651,057-3337527,56,Ramat Gan,itay.cohen28@example.com
Eden Bar,926811653,050-7817069,61,Tel Aviv,eden.bar93@example.com
Lior Shalom,713669393,058-6476737,67,Holon,lior.shalom97@example.com
Noa Mizrahi,130237844,055-1694984,64,Eilat,noa.mizrahi76@example.com
David Cohen,166233440,057-6017438,52,Eilat,david.cohen6@example.com
Itay Avraham,625783847,051-9671690,61,Eilat,itay.avraham70@example.com
Daniel Shalev,782018076,058-2787181,36,Ashdod,daniel.shalev17@example.com
Itay Mor,118257575,057-8369232,65,Eilat,itay.mor52@example.com
Omer Levi,247317995,052-5295433,47,Eilat,omer.levi85@example.com
Moshe Peretz,823820286,050-6377396,34,Herzliya,moshe.peretz44@example.com
David Rosen,607838870,057-9144479,66,Beer Sheva,david.rosen75@example.com
Noa Biton,877198531,052-1467426,20,Beer Sheva,noa.biton4@example.com
Maya Rosen,936664638,054-9670774,25,Beer Sheva,maya.rosen81@example.com
Moshe Cohen,035029945,056-3159872,43,Herzliya,moshe.cohen34@example.com
Itay Shalev,831489049,051-1252239,33,Jerusalem,itay.shalev12@example.com
Eden Cohen,542395356,051-9141213,33,Netanya,eden.cohen35@example.com
Lior Bar,240947438,058-7566225,36,Herzliya,lior.bar29@example.com
Shira Rosen,425004744,052-8917841,78,Eilat,shira.rosen17@example.com
Shira Rosen,251614865,050-5795995,74,Herzliya,shira.rosen5@example.com
Yael Peretz,102903421,053-5974963,80,Tel Aviv,yael.peretz21@example.com
Maya Shalev,968514324,054-9045823,40,Jerusalem,maya.shalev77@example.com
Shira Cohen,302598517,057-3417838,28,Ashdod,shira.cohen12@example.com
Maya Shalev,524844291,051-7568388,20,Beer Sheva,maya.shalev56@example.com
Noa Shalom,166100468,057-7705760,63,Eilat,noa.shalom9@example.com
Yael Mizrahi,570231578,051-7992783,66,Herzliya,yael.mizrahi15@example.com
Maya Shalom,907294070,057-7903078,23,Jerusalem,maya.shalom93@example.com
Daniel Mizrahi,386786617,059-6087876,75,Tel Aviv,daniel.mizrahi13@example.com
Maya Katz,296032822,054-4019917,40,Beer Sheva,maya.katz5@example.com
Daniel Cohen,126845361,053-7998573,78,Beer Sheva,daniel.cohen63@example.com
Yael Levi,348293669,050-1794841,56,Eilat,yael.levi67@example.com
Shira Shalom,725900209,056-8251517,65,Tel Aviv,shira.shalom95@example.com
Eden Avraham,736297539,055-4332981,45,Beer Sheva,eden.avraham88@example.com
Shira Bar,547283854,054-5081840,19,Herzliya,shira.bar1@example.com
Yael Cohen,048996863,053-4488028,63,Haifa,yael.cohen23@example.com
Noa Cohen,381315138,052-9519674,67,Eilat,noa.cohen31@example.com
Shira Rosen,518391659,055-7625191,27,Haifa,shira.rosen51@example.com
Daniel Mizrahi,015750690,053-7615831,49,Ashdod,daniel.mizrahi84@example.com
David Katz,355771628,057-4089657,26,Jerusalem,david.katz19@example.com
Eden Avraham,866539594,055-8398076,67,Ramat Gan,eden.avraham1@example.com
Moshe Levi,957826761,051-7987395,24,Ramat Gan,moshe.levi33@example.com
Nadav Mizrahi,130129523,058-6386296,36,Holon,nadav.mizrahi62@example.com
Noa Biton,020125030,059-7315968,38,Ramat Gan,noa.biton97@example.com
Noa Mor,688165563,053-6078079,63,Ramat Gan,noa.mor56@example.com
Lior Cohen,655615665,051-8243341,57,Jerusalem,lior.cohen70@example.com
Itay Cohen,117541109,050-6614645,35,Beer Sheva,itay.cohen66@example.com
Shira Mizrahi,618242931,053-9659727,44,Ashdod,shira.mizrahi90@example.com
David Mor,454060816,050-2871702,74,Eilat,david.mor34@example.com
Omer Rosen,560203948,056-3832680,19,Ramat Gan,omer.rosen17@example.com
Eden Peretz,065987394,053-1218866,76,Holon,eden.peretz1@example.com
Lior Mor,786175650,058-7288257,41,Jerusalem,lior.mor17@example.com
Omer Biton,272704317,056-1876444,38,Tel Aviv,omer.biton91@example.com
Maya Avraham,727460980,051-1356640,35,Netanya,maya.avraham57@example.com
Eden Rosen,189255123,052-3824391,21,Jerusalem,eden.rosen87@example.com
Lior Shalom,125668035,058-2161923,49,Eilat,lior.shalom86@example.com
Moshe Mizrahi,613707476,052-7072208,31,Herzliya,moshe.mizrahi97@example.com
Daniel Peretz,807650680,057-3728474,54,Beer Sheva,daniel.peretz50@example.com
David Mizrahi,326640964,050-3654169,50,Holon,david.mizrahi20@example.com
Eden Biton,630752367,051-4124782,78,Beer Sheva,eden.biton55@example.com
Itay Avraham,697300601,054-6532358,18,Herzliya,itay.avraham85@example.com
Lior Peretz,717878320,051-2145837,18,Herzliya,lior.peretz90@example.com
Daniel Levi,101564650,058-1166523,39,Ramat Gan,daniel.levi21@example.com
Noa Mor,087655665,053-6633825,29,Ashdod,noa.mor20@example.com
Itay Katz,378166943,056-7606031,57,Jerusalem,itay.katz20@example.com
Shira Katz,861734647,050-6540005,20,Ramat Gan,shira.katz45@example.com
Daniel Shalom,271675731,053-8275140,80,Netanya,daniel.shalom67@example.com
Yael Shalom,073879881,050-8650930,72,Jerusalem,yael.shalom37@example.com
Eden Mor,127431095,052-3743921,61,Holon,eden.mor1@example.com
Shira Shalev,509839116,058-1171651,66,Jerusalem,shira.shalev43@example.com
Lior Cohen,170601963,052-8609200,70,Ashdod,lior.cohen1@example.com
David Mizrahi,180122510,053-1097172,56,Beer Sheva,david.mizrahi69@example.com
Maya Peretz,830514210,056-1980816,62,Eilat,maya.peretz81@example.com
Maya Levi,156229421,050-1781212,54,Holon,maya.levi77@example.com
Moshe Rosen,078378042,054-5688715,42,Ramat Gan,moshe.rosen69@example.com
David Katz,584828451,055-3911401,22,Herzliya,david.katz10@example.com
Moshe Peretz,707577064,056-8743624,71,Herzliya,moshe.peretz12@example.com
Eden Mizrahi,688283796,059-9554012,43,Ramat Gan,eden.mizrahi66@example.com
Itay Mizrahi,711702769,059-8585183,28,Eilat,itay.mizrahi3@example.com
Eden Shalom,497182517,059-8342315,18,Ramat Gan,eden.shalom85@example.com
Moshe Bar,225324363,058-5805964,39,Tel Aviv,moshe.bar95@example.com
Lior Mor,141197975,053-6663794,75,Ashdod,lior.mor71@example.com
Itay Shalev,719994800,057-1983036,22,Ramat Gan,itay.shalev91@example.com
Yael Biton,958628883,055-5895391,19,Jerusalem,yael.biton94@example.com
Noa Bar,448652952,058-4269135,35,Ashdod,noa.bar44@example.com
Eden Shalom,729703645,051-8159934,79,Herzliya,eden.shalom10@example.com
Omer Mizrahi,132726502,054-9274681,46,Beer Sheva,omer.mizrahi33@example.com
Shira Cohen,799008782,055-6534470,28,Ramat Gan,shira.cohen71@example.com
Moshe Levi,068141410,051-5192452,28,Holon,moshe.levi17@example.com
Yael Shalom,376950022,052-2666898,73,Herzliya,yael.shalom70@example.com
David Mor,567872726,057-8340940,70,Netanya,david.mor18@example.com
Lior Mor,766494751,052-3962232,70,Eilat,lior.mor8@example.com
David Levi,633581366,052-9288299,51,Netanya,david.levi17@example.com
Itay Shalev,467529691,054-9012167,52,Eilat,itay.shalev15@example.com
Nadav Mor,464573816,054-2467621,25,Ramat Gan,nadav.mor91@example.com
Omer Mor,193525453,057-8083726,45,Ramat Gan,omer.mor51@example.com
Lior Peretz,283566162,052-3079418,56,Netanya,lior.peretz98@example.com
Daniel Cohen,226714865,059-1375513,18,Tel Aviv,daniel.cohen28@example.com
Shira Cohen,106001650,057-7049112,28,Herzliya,shira.cohen9@example.com
Shira Biton,811916323,052-7974209,52,Jerusalem,shira.biton99@example.com
